{"pixel": {"0.0006700584274113686": {"mAP-0": 0.9999999999999999, "mAP-2": 0.8985128346167951, "mAP-0:2": 0.8985128346167951, "counting-0": 1.0, "counting-2": 0.9762626262626263, "counting-0:2": 0.9762626262626263, "tagging-0": 1.0, "tagging-2": 1.0, "tagging-0:2": 1.0}, "0.0013401168548227373": {"mAP-0": 0.9999999999999999, "mAP-2": 0.8985128346167951, "mAP-0:2": 0.8985128346167951, "counting-0": 1.0, "counting-2": 0.9762626262626263, "counting-0:2": 0.9762626262626263, "tagging-0": 1.0, "tagging-2": 1.0, "tagging-0:2": 1.0}, "0.0020101752822341058": {"mAP-0": 0.9999999999999999, "mAP-2": 0.8985128346167951, "mAP-0:2": 0.8985128346167951, "counting-0": 1.0, "counting-2": 0.9762626262626263, "counting-0:2": 0.9762626262626263, "tagging-0": 1.0, "tagging-2": 1.0, "tagging-0:2": 1.0}, "0.0026802337096454745": {"mAP-0": 0.9999999999999999, "mAP-2": 0.8985128346167951, "mAP-0:2": 0.8985128346167951, "counting-0": 1.0, "counting-2": 0.9762626262626263, "counting-0:2": 0.9762626262626263, "tagging-0": 1.0, "tagging-2": 1.0, "tagging-0:2": 1.0}, "0.0033502921370568432": {"mAP-0": 0.9999999999999999, "mAP-2": 0.8985128346167951, "mAP-0:2": 0.8985128346167951, "counting-0": 1.0, "counting-2": 0.9762626262626263, "counting-0:2": 0.9762626262626263, "tagging-0": 1.0, "tagging-2": 1.0, "tagging-0:2": 1.0}, "0.0040203505644682115": {"mAP-0": 0.9999999999999999, "mAP-2": 0.8985128346167951, "mAP-0:2": 0.8985128346167951, "counting-0": 1.0, "counting-2": 0.9762626262626263, "counting-0:2": 0.9762626262626263, "tagging-0": 1.0, "tagging-2": 1.0, "tagging-0:2": 1.0}, "0.00469040899187958": {"mAP-0": 0.9999999999999999, "mAP-2": 0.8985128346167951, "mAP-0:2": 0.8985128346167951, "counting-0": 1.0, "counting-2": 0.9762626262626263, "counting-0:2": 0.9762626262626263, "tagging-0": 1.0, "tagging-2": 1.0, "tagging-0:2": 1.0}, "0.005360467419290949": {"mAP-0": 0.9999999999999999, "mAP-2": 0.8985128346167951, "mAP-0:2": 0.8985128346167951, "counting-0": 1.0, "counting-2": 0.9762626262626263, "counting-0:2": 0.9762626262626263, "tagging-0": 1.0, "tagging-2": 1.0, "tagging-0:2": 1.0}, "0.006030525846702318": {"mAP-0": 0.9999999999999999, "mAP-2": 0.8985128346167951, "mAP-0:2": 0.8985128346167951, "counting-0": 1.0, "counting-2": 0.9762626262626263, "counting-0:2": 0.9762626262626263, "tagging-0": 1.0, "tagging-2": 1.0, "tagging-0:2": 1.0}, "0.0067005842741136865": {"mAP-0": 0.9999999999999999, "mAP-2": 0.8985128346167951, "mAP-0:2": 0.8985128346167951, "counting-0": 1.0, "counting-2": 0.9762626262626263, "counting-0:2": 0.9762626262626263, "tagging-0": 1.0, "tagging-2": 1.0, "tagging-0:2": 1.0}, "0.007370642701525055": {"mAP-0": 0.9999999999999999, "mAP-2": 0.8985128346167951, "mAP-0:2": 0.8985128346167951, "counting-0": 1.0, "counting-2": 0.9762626262626263, "counting-0:2": 0.9762626262626263, "tagging-0": 1.0, "tagging-2": 1.0, "tagging-0:2": 1.0}, "0.008040701128936423": {"mAP-0": 0.9999999999999999, "mAP-2": 0.8985128346167951, "mAP-0:2": 0.8985128346167951, "counting-0": 1.0, "counting-2": 0.9762626262626263, "counting-0:2": 0.9762626262626263, "tagging-0": 1.0, "tagging-2": 1.0, "tagging-0:2": 1.0}, "0.008710759556347793": {"mAP-0": 0.9999999999999999, "mAP-2": 0.8985128346167951, "mAP-0:2": 0.8985128346167951, "counting-0": 1.0, "counting-2": 0.9762626262626263, "counting-0:2": 0.9762626262626263, "tagging-0": 1.0, "tagging-2": 1.0, "tagging-0:2": 1.0}, "0.00938081798375916": {"mAP-0": 0.9999999999999999, "mAP-2": 0.8985128346167951, "mAP-0:2": 0.8985128346167951, "counting-0": 1.0, "counting-2": 0.9762626262626263, "counting-0:2": 0.9762626262626263, "tagging-0": 1.0, "tagging-2": 1.0, "tagging-0:2": 1.0}, "0.01005087641117053": {"mAP-0": 0.9999999999999999, "mAP-2": 0.8985128346167951, "mAP-0:2": 0.8985128346167951, "counting-0": 1.0, "counting-2": 0.9762626262626263, "counting-0:2": 0.9762626262626263, "tagging-0": 1.0, "tagging-2": 1.0, "tagging-0:2": 1.0}, "0.010720934838581898": {"mAP-0": 0.9999999999999999, "mAP-2": 0.8465473047304731, "mAP-0:2": 0.8465473047304731, "counting-0": 1.0, "counting-2": 0.9641414141414141, "counting-0:2": 0.9641414141414141, "tagging-0": 1.0, "tagging-2": 1.0, "tagging-0:2": 1.0}, "0.011390993265993266": {"mAP-0": 0.9999999999999999, "mAP-2": 0.8501204620462047, "mAP-0:2": 0.8501204620462047, "counting-0": 1.0, "counting-2": 0.9762626262626263, "counting-0:2": 0.9762626262626263, "tagging-0": 1.0, "tagging-2": 1.0, "tagging-0:2": 1.0}, "0.012061051693404636": {"mAP-0": 0.9999999999999999, "mAP-2": 0.823745874587459, "mAP-0:2": 0.823745874587459, "counting-0": 1.0, "counting-2": 0.9646464646464648, "counting-0:2": 0.9646464646464648, "tagging-0": 1.0, "tagging-2": 1.0, "tagging-0:2": 1.0}, "0.012731110120816003": {"mAP-0": 0.9999999999999999, "mAP-2": 0.823745874587459, "mAP-0:2": 0.823745874587459, "counting-0": 1.0, "counting-2": 0.9646464646464648, "counting-0:2": 0.9646464646464648, "tagging-0": 1.0, "tagging-2": 1.0, "tagging-0:2": 1.0}, "0.013401168548227373": {"mAP-0": 0.9999999999999999, "mAP-2": 0.823745874587459, "mAP-0:2": 0.823745874587459, "counting-0": 1.0, "counting-2": 0.9646464646464648, "counting-0:2": 0.9646464646464648, "tagging-0": 1.0, "tagging-2": 1.0, "tagging-0:2": 1.0}, "0.01407122697563874": {"mAP-0": 0.9999999999999999, "mAP-2": 0.823745874587459, "mAP-0:2": 0.823745874587459, "counting-0": 1.0, "counting-2": 0.9646464646464648, "counting-0:2": 0.9646464646464648, "tagging-0": 1.0, "tagging-2": 1.0, "tagging-0:2": 1.0}, "0.01474128540305011": {"mAP-0": 0.9999999999999999, "mAP-2": 0.823745874587459, "mAP-0:2": 0.823745874587459, "counting-0": 1.0, "counting-2": 0.9646464646464648, "counting-0:2": 0.9646464646464648, "tagging-0": 1.0, "tagging-2": 1.0, "tagging-0:2": 1.0}, "0.015411343830461478": {"mAP-0": 0.9999999999999999, "mAP-2": 0.823745874587459, "mAP-0:2": 0.823745874587459, "counting-0": 1.0, "counting-2": 0.9646464646464648, "counting-0:2": 0.9646464646464648, "tagging-0": 1.0, "tagging-2": 1.0, "tagging-0:2": 1.0}, "0.016081402257872846": {"mAP-0": 0.9999999999999999, "mAP-2": 0.823745874587459, "mAP-0:2": 0.823745874587459, "counting-0": 1.0, "counting-2": 0.9646464646464648, "counting-0:2": 0.9646464646464648, "tagging-0": 1.0, "tagging-2": 1.0, "tagging-0:2": 1.0}, "0.016751460685284214": {"mAP-0": 0.9999999999999999, "mAP-2": 0.823745874587459, "mAP-0:2": 0.823745874587459, "counting-0": 1.0, "counting-2": 0.9646464646464648, "counting-0:2": 0.9646464646464648, "tagging-0": 1.0, "tagging-2": 1.0, "tagging-0:2": 1.0}, "0.017421519112695585": {"mAP-0": 0.9999999999999999, "mAP-2": 0.823745874587459, "mAP-0:2": 0.823745874587459, "counting-0": 1.0, "counting-2": 0.9646464646464648, "counting-0:2": 0.9646464646464648, "tagging-0": 1.0, "tagging-2": 1.0, "tagging-0:2": 1.0}, "0.018091577540106953": {"mAP-0": 0.9999999999999999, "mAP-2": 0.823745874587459, "mAP-0:2": 0.823745874587459, "counting-0": 1.0, "counting-2": 0.9646464646464648, "counting-0:2": 0.9646464646464648, "tagging-0": 1.0, "tagging-2": 1.0, "tagging-0:2": 1.0}, "0.01876163596751832": {"mAP-0": 0.9999999999999999, "mAP-2": 0.823745874587459, "mAP-0:2": 0.823745874587459, "counting-0": 1.0, "counting-2": 0.9646464646464648, "counting-0:2": 0.9646464646464648, "tagging-0": 1.0, "tagging-2": 1.0, "tagging-0:2": 1.0}, "0.01943169439492969": {"mAP-0": 0.9999999999999999, "mAP-2": 0.823745874587459, "mAP-0:2": 0.823745874587459, "counting-0": 1.0, "counting-2": 0.9646464646464648, "counting-0:2": 0.9646464646464648, "tagging-0": 1.0, "tagging-2": 1.0, "tagging-0:2": 1.0}, "0.02010175282234106": {"mAP-0": 0.9999999999999999, "mAP-2": 0.823745874587459, "mAP-0:2": 0.823745874587459, "counting-0": 1.0, "counting-2": 0.9646464646464648, "counting-0:2": 0.9646464646464648, "tagging-0": 1.0, "tagging-2": 1.0, "tagging-0:2": 1.0}, "0.020771811249752428": {"mAP-0": 0.9999999999999999, "mAP-2": 0.823745874587459, "mAP-0:2": 0.823745874587459, "counting-0": 1.0, "counting-2": 0.9646464646464648, "counting-0:2": 0.9646464646464648,