{"pixel": {"diff_vector": [0.012913290895061729, 1.736111111111111e-05, 0.011599151234567902, 2.9417438271604938e-05, 0.011382137345679012, 3.472222222222222e-05, 0.01130883487654321, 3.18287037037037e-05, 0.010492380401234567, 2.4594907407407408e-05, 0.011439525462962962, 2.9417438271604938e-05, 0.010561824845679012, 2.218364197530864e-05], "result": {"0.0006700584274113686": {"selected_frames": [1, 3, 5, 7, 9, 11, 13], "num_selected_frames": 7, "num_total_frames": 15, "fraction": 0.4666666666666667, "estimation": 0.979796488612071}, "0.0013401168548227373": {"selected_frames": [1, 3, 5, 7, 9, 11, 13], "num_selected_frames": 7, "num_total_frames": 15, "fraction": 0.4666666666666667, "estimation": 0.9898982443060353}, "0.0020101752822341058": {"selected_frames": [1, 3, 5, 7, 9, 11, 13], "num_selected_frames": 7, "num_total_frames": 15, "fraction": 0.4666666666666667, "estimation": 0.9932654962040237}, "0.0026802337096454745": {"selected_frames": [1, 3, 5, 7, 9, 11, 13], "num_selected_frames": 7, "num_total_frames": 15, "fraction": 0.4666666666666667, "estimation": 0.9949491221530179}, "0.0033502921370568432": {"selected_frames": [1, 3, 5, 7, 9, 11, 13], "num_selected_frames": 7, "num_total_frames": 15, "fraction": 0.4666666666666667, "estimation": 0.995959297722414}, "0.0040203505644682115": {"selected_frames": [1, 3, 5, 7, 9, 11, 13], "num_selected_frames": 7, "num_total_frames": 15, "fraction": 0.4666666666666667, "estimation": 0.9966327481020116}, "0.00469040899187958": {"selected_frames": [1, 3, 5, 7, 9, 11, 13], "num_selected_frames": 7, "num_total_frames": 15, "fraction": 0.4666666666666667, "estimation": 0.9971137840874388}, "0.005360467419290949": {"selected_frames": [1, 3, 5, 7, 9, 11, 13], "num_selected_frames": 7, "num_total_frames": 15, "fraction": 0.4666666666666667, "estimation": 0.9974745610765089}, "0.006030525846702318": {"selected_frames": [1, 3, 5, 7, 9, 11, 13], "num_selected_frames": 7, "num_total_frames": 15, "fraction": 0.4666666666666667, "estimation": 0.9977551654013412}, "0.0067005842741136865": {"selected_frames": [1, 3, 5, 7, 9, 11, 13], "num_selected_frames": 7, "num_total_frames": 15, "fraction": 0.4666666666666667, "estimation": 0.997979648861207}, "0.007370642701525055": {"selected_frames": [1, 3, 5, 7, 9, 11, 13], "num_selected_frames": 7, "num_total_frames": 15, "fraction": 0.4666666666666667, "estimation": 0.9981633171465518}, "0.008040701128936423": {"selected_frames": [1, 3, 5, 7, 9, 11, 13], "num_selected_frames": 7, "num_total_frames": 15, "fraction": 0.4666666666666667, "estimation": 0.9983163740510059}, "0.008710759556347793": {"selected_frames": [1, 3, 5, 7, 9, 11, 13], "num_selected_frames": 7, "num_total_frames": 15, "fraction": 0.4666666666666667, "estimation": 0.99844588373939}, "0.00938081798375916": {"selected_frames": [1, 3, 5, 7, 9, 11, 13], "num_selected_frames": 7, "num_total_frames": 15, "fraction": 0.4666666666666667, "estimation": 0.9985568920437194}, "0.01005087641117053": {"selected_frames": [1, 3, 5, 7, 9, 11, 13], "num_selected_frames": 7, "num_total_frames": 15, "fraction": 0.4666666666666667, "estimation": 0.9986530992408047}, "0.010720934838581898": {"selected_frames": [1, 3, 5, 7, 11], "num_selected_frames": 5, "num_total_frames": 15, "fraction": 0.3333333333333333, "estimation": 0.7173725394057956}, "0.011390993265993266": {"selected_frames": [1, 3, 5, 9, 11], "num_selected_frames": 5, "num_total_frames": 15, "fraction": 0.3333333333333333, "estimation": 0.7237220470120435}, "0.012061051693404636": {"selected_frames": [1, 5, 9, 13], "num_selected_frames": 4, "num_total_frames": 15, "fraction": 0.26666666666666666, "estimation": 0.5911402205595583}, "0.012731110120816003": {"selected_frames": [1, 5, 9, 13], "num_selected_frames": 4, "num_total_frames": 15, "fraction": 0.26666666666666666, "estimation": 0.6126591563195815}, "0.013401168548227373": {"selected_frames": [1, 5, 9, 13], "num_selected_frames": 4, "num_total_frames": 15, "fraction": 0.26666666666666666, "estimation": 0.6320261985036025}, "0.01407122697563874": {"selected_frames": [1, 5, 9, 13], "num_selected_frames": 4, "num_total_frames": 15, "fraction": 0.26666666666666666, "estimation": 0.6495487604796212}, "0.01474128540305011": {"selected_frames": [1, 5, 9, 13], "num_selected_frames": 4, "num_total_frames": 15, "fraction": 0.26666666666666666, "estimation": 0.6654783622760021}, "0.015411343830461478": {"selected_frames": [1, 5, 9, 13], "num_selected_frames": 4, "num_total_frames": 15, "fraction": 0.26666666666666666, "estimation": 0.6800227813074803}, "0.016081402257872846": {"selected_frames": [1, 5, 9, 13], "num_selected_frames": 4, "num_total_frames": 15, "fraction": 0.26666666666666666, "estimation": 0.6933551654196687}, "0.016751460685284214": {"selected_frames": [1, 5, 9, 13], "num_selected_frames": 4, "num_total_frames": 15, "fraction": 0.26666666666666666, "estimation": 0.7056209588028819}, "0.017421519112695585": {"selected_frames": [1, 5, 9, 13], "num_selected_frames": 4, "num_total_frames": 15, "fraction": 0.26666666666666666, "estimation": 0.7169432296181556}, "0.018091577540106953": {"selected_frames": [1, 5, 9, 13], "num_selected_frames": 4, "num_total_frames": 15, "fraction": 0.26666666666666666, "estimation": 0.7274268137063721}, "0.01876163596751832": {"selected_frames": [1, 5, 9, 13], "num_selected_frames": 4, "num_total_frames": 15, "fraction": 0.26666666666666666, "estimation": 0.7371615703597161}, "0.01943169439492969": {"selected_frames": [1, 5, 9, 13], "num_selected_frames": 4, "num_total_frames": 15, "fraction": 0.26666666666666666, "estimation": 0.7462249644852432}, "0.02010175282234106": {"selected_frames": [1, 5, 9, 13], "num_selected_frames": 4, "num_total_frames": 15, "fraction": 0.26666666666666666, "estimation": 0.7546841323357348}, "0.020771811249752428": {"selected_frames": [1, 5, 9, 13], "num_selected_frames": 4, "num_total_frames": 15, "fraction": 0.26666666666666666, "estimation": 0.7625975474216791}, "0.021441869677163796": {"selected_frames": [1, 5, 9, 13], "num_selected_frames": 4, "num_total_frames": 15, "fraction": 0.26666666666666666, "estimation": 0.7700163740647515}, "0.022111928104575164": {"selected_frames": [1, 5, 11], "num_selected_frames": 3, "num_total_frames": 15, "fraction": 0.2, "estimation": 0.6413452219671045}, "0.025313318368873926": {"selected_frames": [1, 7, 13], "num_selected_frames": 3, "num_total_frames": 15, "fraction": 0.2, "estimation": 0.6204602098783353}, "0.027844650205761316": {"selected_frames": [1, 7, 13], "num_selected_frames": 3, "num_total_frames": 15, "fraction": 0.2, "estimation": 0.6549638271621226}, "0.030375982042648707": {"selected_frames": [1, 7, 13], "num_selected_frames": 3, "num_total_frames": 15, "fraction": 0.2, "estimation": 0.6837168415652791}, "0.032907313879536104": {"selected_frames": [1, 7], "num_selected_frames": 2, "num_total_frames": 15, "fraction": 0.13333333333333333, "estimation": 0.5666119656484288}, "0.035438645716423495": {"selected_frames": [1, 9], "num_selected_frames": 2, "num_total_frames": 15, "fraction": 0.13333333333333333, "estimation": 0.5862851843351418}, "0.037969977553310885": {"selected_frames": [1, 9], "num_selected_frames": 2, "num_total_frames": 15, "fraction": 0.13333333333333333, "estimation": 0.6138661720461324}, "0.040501309390198276": {"selected_frames": [1, 9], "num_selected_frames": 2, "num_total_frames": 15, "fraction": 0.13333333333333333, "estimation": 0.637999536293249}, "0.043032641227085666": {"selected_frames": [1, 9], "num_selected_frames": 2, "num_total_frames": 15, "fraction": 0.13333333333333333, "estimation": 0.6592936812171756}, "0.05315796857463524": {"selected_frames": [1, 11], "num_selected_frames": 2, "num_total_frames": 15, "fraction": 0.13333333333333333, "estimation": 0.6651542417724526}, "0.06075196408529742": {"selected_frames": [1, 13], "num_selected_frames": 2, "num_total_frames": 15, "fraction": 0.13333333333333333, "estimation": 0.5993856658738222},