{"1": {"num_detections": 12, "detection_scores": [0.9966152310371399, 0.988791823387146, 0.89677494764328, 0.8234243392944336, 0.7728471159934998, 0.5701994895935059, 0.5568906664848328, 0.5422815680503845, 0.5134357213973999, 0.4605165123939514, 0.30191025137901306, 0.41031068563461304], "detection_classes": [2, 2, 2, 2, 2, 2, 2, 2, 2, 2, 7, 9], "detection_boxes": [[261.5967712402344, 465.4807434082031, 535.7424926757812, 565.1727294921875], [1504.59326171875, 395.56976318359375, 1607.3785400390625, 473.8644714355469], [1828.8828125, 576.2662353515625, 1922.7646484375, 685.953857421875], [1633.5836181640625, 290.779541015625, 1690.6351318359375, 325.3643493652344], [1782.465087890625, 385.8349304199219, 1889.4066162109375, 462.80078125], [1708.7095947265625, 368.1976623535156, 1773.0921630859375, 419.5744323730469], [1681.02783203125, 316.9430236816406, 1734.973876953125, 366.076171875], [1605.4112548828125, 268.9886779785156, 1662.396728515625, 305.69464111328125], [1546.5059814453125, 250.2635955810547, 1580.9775390625, 270.4231872558594], [1574.551513671875, 268.37371826171875, 1610.0458984375, 297.94500732421875], [1771.922119140625, 387.8009033203125, 1898.0936279296875, 462.0704040527344], [953.58642578125, 167.08306884765625, 990.1900634765625, 237.9877471923828]]}, "2": {"num_detections": 12, "detection_scores": [0.997624933719635, 0.9888120293617249, 0.8188392519950867, 0.7482109069824219, 0.63111412525177, 0.5463384985923767, 0.5316973924636841, 0.4593178629875183, 0.45340412855148315, 0.4268224239349365, 0.3286559581756592, 0.42226386070251465], "detection_classes": [2, 2, 2, 2, 2, 2, 2, 2, 2, 2, 2, 9], "detection_boxes": [[246.0779571533203, 459.92828369140625, 493.30718994140625, 562.5474243164062], [1504.2760009765625, 395.1364440917969, 1609.249755859375, 476.396728515625], [1634.499755859375, 290.8697509765625, 1690.234375, 325.2615661621094], [1782.5003662109375, 385.9621887207031, 1888.3658447265625, 462.75787353515625], [1680.505615234375, 317.1580810546875, 1735.0462646484375, 366.9276428222656], [1605.2598876953125, 269.34930419921875, 1662.5068359375, 305.71875], [1708.8614501953125, 367.74554443359375, 1772.2801513671875, 419.5348205566406], [1574.5726318359375, 268.25567626953125, 1609.8887939453125, 297.819091796875], [1547.0810546875, 250.0833282470703, 1581.524169921875, 270.6375427246094], [1807.6859130859375, 584.576171875, 1924.501953125, 709.9513549804688], [1587.295166015625, 268.6673583984375, 1640.0460205078125, 303.63836669921875], [953.6171264648438, 167.25091552734375, 990.33251953125, 237.11322021484375]]}, "3": {"num_detections": 12, "detection_scores": [0.9975847601890564, 0.9889537692070007, 0.8184086084365845, 0.7556006908416748, 0.6386047005653381, 0.557712733745575, 0.536480188369751, 0.46422508358955383, 0.45458656549453735, 0.45307034254074097, 0.32770487666130066, 0.43281781673431396], "detection_classes": [2, 2, 2, 2, 2, 2, 2, 2, 2, 2, 2, 9], "detection_boxes": [[246.28738403320312, 459.5458679199219, 492.9615783691406, 562.5780639648438], [1504.1661376953125, 394.9999084472656, 1609.5621337890625, 476.4954833984375], [1634.385498046875, 290.8816223144531, 1690.235107421875, 325.3155822753906], [1782.5640869140625, 386.0415344238281, 1888.45458984375, 462.5848083496094], [1680.717041015625, 317.2375793457031, 1735.3812255859375, 366.7203063964844], [1605.18798828125, 269.2577819824219, 1662.70263671875, 305.7375183105469], [1708.8570556640625, 368.1303405761719, 1772.4613037109375, 419.60858154296875], [1546.9627685546875, 250.07960510253906, 1581.53759765625, 270.6071472167969], [1807.383056640625, 584.6693725585938, 1924.8154296875, 709.420166015625], [1574.5299072265625, 268.3009948730469, 1609.9295654296875, 297.82794189453125], [1587.207763671875, 268.6837463378906, 1640.1397705078125, 303.6363830566406], [953.495849609375, 167.19874572753906, 990.4328002929688, 237.16673278808594]]}, "4": {"num_detections": 13, "detection_scores": [0.9967633485794067, 0.9842285513877869, 0.7969748377799988, 0.7590732574462891, 0.7228608727455139, 0.6906570792198181, 0.5211474895477295, 0.5115651488304138, 0.46077534556388855, 0.4488038420677185, 0.31461116671562195, 0.30482620000839233, 0.44259485602378845], "detection_classes": [2, 2, 2, 2, 2, 2, 2, 2, 2, 2, 2, 2, 9], "detection_boxes": [[214.3594207763672, 453.7403869628906, 463.4494934082031, 552.6239624023438], [1505.8607177734375, 396.7447814941406, 1610.1025390625, 480.155517578125], [1634.3016357421875, 291.0570068359375, 1689.9678955078125, 325.4942626953125], [1801.120849609375, 580.0223388671875, 1926.2698974609375, 714.5025634765625], [1784.6756591796875, 385.55126953125, 1889.492431640625, 462.5866394042969], [1681.06396484375, 317.0967712402344, 1736.0985107421875, 366.2765808105469], [1605.6201171875, 268.9571533203125, 1662.6533203125, 305.8291320800781], [1708.8311767578125, 368.2408447265625, 1770.8841552734375, 419.365234375], [1547.126953125, 250.14697265625, 1581.4019775390625, 270.62005615234375], [1574.5906982421875, 268.2978515625, 1610.06787109375, 297.7670593261719], [1587.0928955078125, 268.5398864746094, 1640.031982421875, 303.7373962402344], [873.14990234375, 391.3456726074219, 960.0051879882812, 417.8388671875], [953.2681884765625, 167.5006561279297, 990.2245483398438, 237.3701934814453]]}, "5": {"num_detections": 12, "detection_scores": [0.99666827917099, 0.9840165972709656, 0.7917138934135437, 0.7283920049667358, 0.7167670726776123, 0.6686767935752869, 0.5244205594062805, 0.5058051943778992, 0.4566177427768707, 0.429970383644104, 0.30496102571487427, 0.44817623496055603], "detection_classes": [2, 2, 2, 2, 2, 2, 2, 2, 2, 2, 2, 9], "detection_boxes": [[214.27044677734375, 453.586669921875, 463.4299621582031, 552.711669921875], [1505.397705078125, 396.6285095214844, 1610.1024169921875, 480.1255798339844], [1634.3155517578125, 291.05029296875, 1689.89501953125, 325.53753662109375], [1784.93359375, 385.5814514160156, 1889.6849365234375, 462.64642333984375], [1801.10791015625, 580.1419677734375, 1926.095458984375, 714.1112670898438], [1681.042724609375, 317.0008544921875, 1735.935302734375, 366.3523254394531], [1708.8033447265625, 368.1608581542969, 1770.5972900390625, 419.2881774902344], [1605.728271484375, 269.06195068359375, 1662.7012939453125, 305.86773681640625], [1546.9481201171875, 250.1646728515625, 1581.4603271484375, 270.6237487792969], [1574.5992431640625, 268.38494873046875, 1610.200927734375, 297.5797424316406], [1586.9844970703125, 268.57867431640625, 1639.7962646484375, 303.7472229003906], [953.3482055664062, 167.48524475097656, 990.179443359375, 237.3601837158203]]}, "6": {"num_detections": 11, "detection_scores": [0.990250289440155, 0.9830963015556335, 0.840651273727417, 0.7481005787849426, 0.7149528861045837, 0.5492622256278992, 0.5041456818580627, 0.49455398321151733, 0.4928159713745117, 0.4252775311470032, 0.4504360854625702], "detection_classes": [2, 2, 2, 2, 2, 2, 2, 2, 2, 2, 9], "detection_boxes": [[189.79257202148438, 448.81866455078125, 427.8053283691406, 552.7213134765625], [1507.9600830078125, 396.60565185546875, 1610.0528564453125, 480.6069641113281], [1633.7489013671875, 291.0621643066406, 1690.3775634765625, 325.4408874511719], [1783.985107421875, 385.5703125, 1889.576416015625, 462.5367736816406], [1680.3853759765625, 317.19866943359375, 1736.0103759765625, 366.3069763183594], [1605.6505126953125, 269.2962341308594, 1662.1270751953125, 305.460693359375], [1574.2567138671875, 268.53851318359375, 1610.259521484375, 297.932373046875], [1547.124755859375, 250.1365966796875, 1581.757080078125, 270.6939697265625], [1708.5355224609375, 368.0343322753906, 1771.17529296875, 419.4761962890625], [1795.7882080078125, 583.3829956054688, 1926.046630859375, 712.3104858398438], [953.2755126953125, 167.39552307128906, 990.1358642578125, 237.6979522705078]]}, "7": {"num_detections": 12,